{"cameraMode":{"drawMode":2,"name":"Shaded Wireframe","section":"Shading Mode"},"sceneLighting":true,"audioPlay":false,"sceneViewState":{"showFog":false,"showMaterialUpdate":false,"showSkybox":false,"showFlares":false,"showImageEffects":false,"showParticleSystems":false},"in2DMode":false,"pivot":{"x":0.6096910238265991,"y":0.9186228513717651,"z":-8.087301254272461},"rotation":{"x":-0.04764006659388542,"y":-0.16347245872020722,"z":0.00790346972644329,"w":-0.9853652715682983},"size":2.6926047801971437,"orthographic":false}