{"cameraMode":{"drawMode":2,"name":"Shaded Wireframe","section":"Shading Mode"},"sceneLighting":true,"audioPlay":false,"sceneViewState":{"showFog":false,"showMaterialUpdate":false,"showSkybox":false,"showFlares":false,"showImageEffects":false,"showParticleSystems":false},"in2DMode":false,"pivot":{"x":-0.3754657506942749,"y":1.2132923603057862,"z":-7.635871887207031},"rotation":{"x":0.008689718320965767,"y":0.00659682834520936,"z":0.000057296219893032685,"w":-0.9999405145645142},"size":2.092604875564575,"orthographic":false}